,0
0,Pop/Rock
1,Pop/Rock
2,Pop/Rock
3,Jazz
4,Pop/Rock
5,Jazz
6,Pop/Rock
7,Pop/Rock
8,Pop/Rock
9,Pop/Rock
10,Pop/Rock
11,Pop/Rock
12,Pop/Rock
13,Pop/Rock
14,Pop/Rock
15,Vocal
16,Pop/Rock
17,Pop/Rock
18,Pop/Rock
19,Jazz
20,Pop/Rock
21,Pop/Rock
22,Pop/Rock
23,Pop/Rock
24,Pop/Rock
25,Pop/Rock
26,Pop/Rock
27,Pop/Rock
28,Pop/Rock
29,Pop/Rock
30,Pop/Rock
31,Pop/Rock
32,R&B
33,Pop/Rock
34,Pop/Rock
35,Pop/Rock
36,Pop/Rock
37,Pop/Rock
38,Pop/Rock
39,Pop/Rock
0,Pop/Rock
1,Pop/Rock
2,Pop/Rock
3,Pop/Rock
4,Pop/Rock
5,Pop/Rock
6,Rap
7,Vocal
8,Pop/Rock
9,Pop/Rock
10,R&B
11,Pop/Rock
12,Pop/Rock
13,Pop/Rock
14,Pop/Rock
15,Pop/Rock
16,Pop/Rock
17,Pop/Rock
18,Pop/Rock
19,Pop/Rock
20,Pop/Rock
21,Pop/Rock
22,Pop/Rock
23,Pop/Rock
24,Pop/Rock
25,Pop/Rock
26,Pop/Rock
27,Pop/Rock
28,Pop/Rock
29,Pop/Rock
30,Pop/Rock
31,Pop/Rock
32,Pop/Rock
33,Pop/Rock
34,Pop/Rock
35,Pop/Rock
36,Pop/Rock
37,Pop/Rock
38,Pop/Rock
39,Pop/Rock
0,Rap
1,Pop/Rock
2,R&B
3,Pop/Rock
4,R&B
5,Pop/Rock
6,Pop/Rock
7,Pop/Rock
8,Pop/Rock
9,Pop/Rock
10,Pop/Rock
11,Pop/Rock
12,Pop/Rock
13,Country
14,Pop/Rock
15,Pop/Rock
16,Pop/Rock
17,Pop/Rock
18,Pop/Rock
19,Pop/Rock
20,Pop/Rock
21,Pop/Rock
22,Pop/Rock
23,Pop/Rock
24,Pop/Rock
25,Pop/Rock
26,Pop/Rock
27,Pop/Rock
28,Pop/Rock
29,Pop/Rock
30,Pop/Rock
31,Folk
32,Pop/Rock
33,Pop/Rock
34,Pop/Rock
35,Pop/Rock
36,Pop/Rock
37,Pop/Rock
38,Pop/Rock
39,Pop/Rock
0,Pop/Rock
1,Pop/Rock
2,Country
3,R&B
4,Pop/Rock
5,Pop/Rock
6,Pop/Rock
7,Pop/Rock
8,Pop/Rock
9,Pop/Rock
10,Rap
11,Pop/Rock
12,Country
13,Pop/Rock
14,Rap
15,Pop/Rock
16,Pop/Rock
17,Pop/Rock
18,Pop/Rock
19,Pop/Rock
20,Vocal
21,Vocal
22,Electronic
23,Pop/Rock
24,Pop/Rock
25,R&B
26,Electronic
27,Pop/Rock
28,Pop/Rock
29,Pop/Rock
30,Vocal
31,Pop/Rock
32,Pop/Rock
33,Pop/Rock
34,Pop/Rock
35,Pop/Rock
36,Pop/Rock
37,Pop/Rock
38,Pop/Rock
0,Pop/Rock
1,Pop/Rock
2,Pop/Rock
3,Pop/Rock
4,Pop/Rock
5,Pop/Rock
6,Pop/Rock
7,Pop/Rock
8,Stage & Screen
9,Pop/Rock
10,Vocal
11,Pop/Rock
12,Pop/Rock
13,Pop/Rock
14,Country
15,Pop/Rock
16,Pop/Rock
17,Pop/Rock
18,Vocal
19,Pop/Rock
20,Rap
21,Pop/Rock
22,Pop/Rock
23,R&B
24,Pop/Rock
25,Rap
26,Pop/Rock
27,Pop/Rock
28,Pop/Rock
29,Pop/Rock
30,Vocal
31,Pop/Rock
32,Vocal
33,Pop/Rock
34,Rap
35,Pop/Rock
36,Vocal
37,Pop/Rock
38,Pop/Rock
39,Pop/Rock
0,Pop/Rock
1,Pop/Rock
2,Pop/Rock
3,Pop/Rock
4,Electronic
5,Pop/Rock
6,Holiday
7,Electronic
8,Vocal
9,Pop/Rock
10,Pop/Rock
11,Pop/Rock
12,Pop/Rock
13,Pop/Rock
14,Pop/Rock
15,Pop/Rock
16,Country
17,Pop/Rock
18,Pop/Rock
19,Rap
20,Pop/Rock
21,Pop/Rock
22,Pop/Rock
23,Pop/Rock
24,R&B
25,Vocal
26,Jazz
27,Pop/Rock
28,Jazz
29,Pop/Rock
30,Pop/Rock
31,Pop/Rock
32,Pop/Rock
33,Pop/Rock
34,Country
35,Pop/Rock
36,Blues
37,Pop/Rock
38,Pop/Rock
39,Pop/Rock
0,Pop/Rock
1,Electronic
2,Pop/Rock
3,Rap
4,Electronic
5,Pop/Rock
6,Electronic
7,Pop/Rock
8,Pop/Rock
9,Pop/Rock
10,Latin
11,Pop/Rock
12,Pop/Rock
13,Pop/Rock
14,Pop/Rock
15,Pop/Rock
16,Pop/Rock
17,Pop/Rock
18,Pop/Rock
19,Pop/Rock
20,R&B
21,Pop/Rock
22,Pop/Rock
23,R&B
24,Pop/Rock
25,Pop/Rock
26,Pop/Rock
27,Country
28,Pop/Rock
29,Pop/Rock
30,Country
31,Pop/Rock
32,Pop/Rock
33,Country
34,Pop/Rock
35,Pop/Rock
36,Pop/Rock
37,Pop/Rock
38,Pop/Rock
39,Pop/Rock
0,Country
1,Vocal
2,Pop/Rock
3,Pop/Rock
4,Electronic
5,Pop/Rock
6,Pop/Rock
7,Pop/Rock
8,Pop/Rock
9,Pop/Rock
10,Pop/Rock
11,Pop/Rock
12,R&B
13,Pop/Rock
14,Rap
15,Electronic
16,Pop/Rock
17,Blues
18,Pop/Rock
19,Country
20,Electronic
21,Pop/Rock
22,Pop/Rock
23,Pop/Rock
24,Pop/Rock
25,Pop/Rock
26,Pop/Rock
27,Rap
28,Vocal
29,Pop/Rock
30,Rap
31,Pop/Rock
32,Pop/Rock
33,Pop/Rock
34,Pop/Rock
35,Pop/Rock
36,Pop/Rock
37,Country
38,Pop/Rock
39,Pop/Rock
0,Pop/Rock
1,Rap
2,Pop/Rock
3,Pop/Rock
4,Pop/Rock
5,Country
6,Pop/Rock
7,Pop/Rock
8,Pop/Rock
9,Jazz
10,Pop/Rock
11,Rap
12,Pop/Rock
13,Pop/Rock
14,Pop/Rock
15,Rap
16,Pop/Rock
17,Pop/Rock
18,Pop/Rock
19,Pop/Rock
20,Pop/Rock
21,Pop/Rock
22,Country
23,Rap
24,Pop/Rock
25,Pop/Rock
26,Pop/Rock
27,Pop/Rock
28,Pop/Rock
29,Pop/Rock
30,Pop/Rock
31,Electronic
32,Pop/Rock
33,Pop/Rock
34,Pop/Rock
35,Pop/Rock
36,Pop/Rock
37,R&B
38,Pop/Rock
39,Jazz
0,Pop/Rock
1,Pop/Rock
2,Jazz
3,Jazz
4,Pop/Rock
5,Pop/Rock
6,Pop/Rock
7,Pop/Rock
8,Pop/Rock
9,Jazz
10,Pop/Rock
11,Jazz
12,Pop/Rock
13,Blues
14,Pop/Rock
15,Pop/Rock
16,Pop/Rock
17,Blues
18,Pop/Rock
19,Pop/Rock
20,Pop/Rock
21,Pop/Rock
22,Pop/Rock
23,Jazz
24,Jazz
25,Vocal
26,Pop/Rock
27,Vocal
28,Pop/Rock
29,Country
30,Vocal
31,Vocal
32,Jazz
33,Jazz
34,Jazz
35,Pop/Rock
36,Pop/Rock
37,Pop/Rock
38,Jazz
39,Pop/Rock
0,Pop/Rock
1,R&B
2,Country
3,Pop/Rock
4,Pop/Rock
5,Pop/Rock
6,Pop/Rock
7,Pop/Rock
8,Pop/Rock
9,Electronic
10,Pop/Rock
11,Folk
12,Pop/Rock
13,Rap
14,Pop/Rock
15,Pop/Rock
16,Pop/Rock
17,Pop/Rock
18,Pop/Rock
19,Country
20,Pop/Rock
21,Pop/Rock
22,Rap
23,Pop/Rock
24,Rap
25,Rap
26,Pop/Rock
27,Pop/Rock
28,Pop/Rock
29,Pop/Rock
30,Pop/Rock
31,Pop/Rock
32,Pop/Rock
33,Pop/Rock
34,R&B
35,Pop/Rock
36,Pop/Rock
37,Pop/Rock
38,Pop/Rock
39,Pop/Rock
0,Pop/Rock
1,Pop/Rock
2,Pop/Rock
3,Pop/Rock
4,Holiday
5,Pop/Rock
6,Pop/Rock
7,Pop/Rock
8,Rap
9,Pop/Rock
10,Pop/Rock
11,Pop/Rock
12,Pop/Rock
13,Pop/Rock
14,Pop/Rock
15,Pop/Rock
16,Pop/Rock
17,Pop/Rock
18,Jazz
19,Pop/Rock
20,Pop/Rock
21,Pop/Rock
22,Vocal
23,Electronic
24,Jazz
25,Pop/Rock
26,Pop/Rock
27,Pop/Rock
28,Pop/Rock
29,Pop/Rock
30,Pop/Rock
31,Pop/Rock
32,Pop/Rock
33,Pop/Rock
34,Pop/Rock
35,Pop/Rock
36,Pop/Rock
37,Pop/Rock
38,Pop/Rock
39,Pop/Rock
0,Pop/Rock
1,Pop/Rock
2,Country
3,Pop/Rock
4,Rap
5,Pop/Rock
6,Vocal
7,Pop/Rock
8,Reggae
9,Pop/Rock
10,Pop/Rock
11,Electronic
12,Pop/Rock
13,Pop/Rock
14,Pop/Rock
15,Rap
16,Pop/Rock
17,Pop/Rock
18,Pop/Rock
19,Pop/Rock
20,Pop/Rock
21,Pop/Rock
22,Pop/Rock
23,Electronic
24,Jazz
25,Pop/Rock
26,Pop/Rock
27,Pop/Rock
28,Pop/Rock
29,Rap
30,Pop/Rock
31,R&B
32,Blues
33,Jazz
34,Jazz
35,Pop/Rock
36,Pop/Rock
37,Rap
38,Pop/Rock
39,Rap
0,Pop/Rock
1,Country
2,Country
3,Country
4,Electronic
5,Pop/Rock
6,Pop/Rock
7,Pop/Rock
8,Pop/Rock
9,Pop/Rock
10,Vocal
11,Pop/Rock
12,Pop/Rock
13,Jazz
14,Country
15,Pop/Rock
16,Pop/Rock
17,Pop/Rock
18,Country
19,Electronic
20,Pop/Rock
21,Pop/Rock
22,Jazz
23,Pop/Rock
24,Pop/Rock
25,Pop/Rock
26,Jazz
27,Pop/Rock
28,Pop/Rock
29,Pop/Rock
30,Pop/Rock
31,Pop/Rock
32,Electronic
33,Pop/Rock
34,Pop/Rock
35,Pop/Rock
36,Pop/Rock
37,Pop/Rock
38,Jazz
39,Pop/Rock
0,Pop/Rock
1,Jazz
2,Jazz
3,Pop/Rock
4,Pop/Rock
5,Pop/Rock
6,Pop/Rock
7,Pop/Rock
8,Jazz
9,Pop/Rock
10,Pop/Rock
11,Jazz
12,Pop/Rock
13,Pop/Rock
14,Pop/Rock
15,Pop/Rock
16,Pop/Rock
17,R&B
18,Pop/Rock
19,Pop/Rock
20,Pop/Rock
21,Pop/Rock
22,Country
23,Jazz
24,Pop/Rock
25,Jazz
26,Folk
27,Country
28,Easy Listening
29,Vocal
30,Country
31,Pop/Rock
32,Pop/Rock
33,Reggae
34,Pop/Rock
35,Pop/Rock
36,Jazz
37,Electronic
38,Pop/Rock
39,Pop/Rock
0,Jazz
1,Pop/Rock
2,Pop/Rock
3,Pop/Rock
4,Pop/Rock
5,Pop/Rock
6,Pop/Rock
7,Pop/Rock
8,Pop/Rock
9,Pop/Rock
10,Rap
11,Pop/Rock
12,Rap
13,Rap
14,Pop/Rock
15,Pop/Rock
16,Pop/Rock
17,Pop/Rock
18,Jazz
19,Pop/Rock
20,Pop/Rock
21,Pop/Rock
22,Electronic
23,Pop/Rock
24,Pop/Rock
25,Rap
26,Pop/Rock
27,Pop/Rock
28,Jazz
29,Pop/Rock
30,Country
31,Pop/Rock
32,Pop/Rock
33,Pop/Rock
34,R&B
35,Pop/Rock
36,Pop/Rock
37,Country
38,Country
39,Country
0,Country
1,R&B
2,Pop/Rock
3,Pop/Rock
4,Pop/Rock
5,Country
6,Pop/Rock
7,Pop/Rock
8,Pop/Rock
9,R&B
10,Pop/Rock
11,Country
12,Rap
13,Jazz
14,Jazz
15,R&B
16,Jazz
17,Pop/Rock
18,Pop/Rock
19,Jazz
20,Pop/Rock
21,Pop/Rock
22,Pop/Rock
23,Jazz
24,R&B
25,Pop/Rock
26,Pop/Rock
27,Pop/Rock
28,Jazz
29,Pop/Rock
30,Pop/Rock
31,Pop/Rock
32,Pop/Rock
33,Pop/Rock
34,Rap
35,Jazz
36,Rap
37,Jazz
38,Pop/Rock
39,Pop/Rock
0,Pop/Rock
1,Country
2,Jazz
3,Pop/Rock
4,Pop/Rock
5,Country
6,Pop/Rock
7,Country
8,Electronic
9,Country
10,Pop/Rock
11,Rap
12,Rap
13,Vocal
14,Pop/Rock
15,Rap
16,Country
17,Vocal
18,Rap
19,Jazz
20,Pop/Rock
21,Pop/Rock
22,Rap
23,Jazz
24,Country
25,Country
26,Country
27,Country
28,Vocal
29,Pop/Rock
30,Country
31,Pop/Rock
32,Pop/Rock
33,Blues
34,Pop/Rock
35,Pop/Rock
36,Pop/Rock
37,Latin
38,Pop/Rock
39,Pop/Rock
0,R&B
1,Pop/Rock
2,Rap
3,Electronic
4,Pop/Rock
5,Pop/Rock
6,Pop/Rock
7,Pop/Rock
8,Pop/Rock
9,Pop/Rock
10,Pop/Rock
11,Pop/Rock
12,Pop/Rock
13,Pop/Rock
14,Vocal
15,Pop/Rock
16,Pop/Rock
17,Pop/Rock
18,Pop/Rock
19,Holiday
20,Pop/Rock
21,Vocal
22,Pop/Rock
23,Pop/Rock
24,Pop/Rock
25,Pop/Rock
26,Vocal
27,Pop/Rock
28,Jazz
29,Pop/Rock
30,Pop/Rock
31,Pop/Rock
32,Pop/Rock
33,Pop/Rock
34,Holiday
35,Pop/Rock
36,Pop/Rock
37,Pop/Rock
38,Pop/Rock
39,Pop/Rock
0,Pop/Rock
1,Pop/Rock
2,Pop/Rock
3,Pop/Rock
4,Jazz
5,Pop/Rock
6,Pop/Rock
7,Pop/Rock
8,Pop/Rock
9,Pop/Rock
10,Jazz
11,Pop/Rock
12,Pop/Rock
13,Pop/Rock
14,Pop/Rock
15,Rap
16,Blues
17,R&B
18,R&B
19,Jazz
20,Pop/Rock
21,Pop/Rock
22,Pop/Rock
23,Pop/Rock
24,Pop/Rock
25,Pop/Rock
26,Country
27,Pop/Rock
28,Country
29,Pop/Rock
30,Country
31,Pop/Rock
32,Country
33,Jazz
34,Pop/Rock
35,R&B
36,Pop/Rock
37,Pop/Rock
38,Country
39,Country
0,Country
1,Pop/Rock
2,Jazz
3,Jazz
4,Pop/Rock
5,Pop/Rock
6,R&B
7,Pop/Rock
8,Pop/Rock
9,Pop/Rock
10,Pop/Rock
11,Pop/Rock
12,Pop/Rock
13,R&B
14,Rap
15,Vocal
16,Electronic
17,Pop/Rock
18,Jazz
19,Country
20,Pop/Rock
21,Country
22,Holiday
23,Country
24,Pop/Rock
25,Pop/Rock
26,Pop/Rock
27,Pop/Rock
28,Pop/Rock
29,Pop/Rock
30,Pop/Rock
31,Pop/Rock
32,Country
33,Pop/Rock
34,Pop/Rock
35,Pop/Rock
36,Holiday
37,R&B
38,Pop/Rock
39,Holiday
0,Pop/Rock
1,Pop/Rock
2,Pop/Rock
3,Pop/Rock
4,Pop/Rock
5,Pop/Rock
6,Country
7,Country
8,Country
9,Pop/Rock
10,Pop/Rock
11,Pop/Rock
12,Pop/Rock
13,Pop/Rock
14,Country
15,Pop/Rock
16,Pop/Rock
17,Pop/Rock
18,Religious
19,Pop/Rock
20,Pop/Rock
21,Pop/Rock
22,Pop/Rock
23,Jazz
24,Reggae
25,Pop/Rock
26,Pop/Rock
27,Pop/Rock
28,Pop/Rock
29,Pop/Rock
30,R&B
31,Pop/Rock
32,Pop/Rock
33,R&B
34,Jazz
35,Rap
36,Pop/Rock
37,Rap
38,Pop/Rock
39,Latin
0,Stage & Screen
1,Pop/Rock
2,Pop/Rock
3,Pop/Rock
4,Pop/Rock
5,R&B
6,Pop/Rock
7,Pop/Rock
8,Pop/Rock
9,Pop/Rock
10,Pop/Rock
11,Pop/Rock
12,Avant-Garde
13,Pop/Rock
14,Pop/Rock
15,Jazz
16,Pop/Rock
17,Pop/Rock
18,Pop/Rock
19,Vocal
20,Pop/Rock
21,Pop/Rock
22,Pop/Rock
23,Pop/Rock
24,Pop/Rock
25,Country
26,Pop/Rock
27,Pop/Rock
28,Pop/Rock
29,Country
30,Country
31,Pop/Rock
32,Rap
33,Pop/Rock
34,Pop/Rock
35,Classical
36,Pop/Rock
37,Folk
38,Pop/Rock
0,Pop/Rock
1,Pop/Rock
2,Electronic
3,Pop/Rock
4,Pop/Rock
5,Classical
6,Pop/Rock
7,Jazz
8,Pop/Rock
9,Pop/Rock
10,Rap
11,Pop/Rock
12,Pop/Rock
13,Pop/Rock
14,Country
15,Pop/Rock
16,Jazz
17,Jazz
18,Pop/Rock
19,Pop/Rock
20,Electronic
21,Pop/Rock
22,Blues
23,Pop/Rock
24,Country
25,Rap
26,R&B
27,Pop/Rock
28,Pop/Rock
29,Pop/Rock
30,Rap
31,Classical
32,Vocal
33,Pop/Rock
34,Pop/Rock
35,Country
36,Pop/Rock
37,R&B
38,Pop/Rock
0,Pop/Rock
1,Pop/Rock
2,Jazz
3,Pop/Rock
4,Pop/Rock
5,Country
6,Pop/Rock
7,Pop/Rock
8,Pop/Rock
9,Pop/Rock
10,Pop/Rock
11,Pop/Rock
12,Pop/Rock
13,Pop/Rock
14,R&B
15,Pop/Rock
16,Country
17,R&B
18,Vocal
19,R&B
20,Pop/Rock
21,Pop/Rock
22,Jazz
23,Jazz
24,Jazz
25,Pop/Rock
26,Pop/Rock
27,Pop/Rock
28,Pop/Rock
29,Pop/Rock
30,Pop/Rock
31,Vocal
32,Pop/Rock
33,Pop/Rock
34,Pop/Rock
35,Pop/Rock
36,Pop/Rock
37,Pop/Rock
38,Country
39,Country
0,R&B
1,Pop/Rock
2,Rap
3,R&B
4,Pop/Rock
5,Pop/Rock
6,Jazz
7,Jazz
8,Pop/Rock
9,Rap
10,Pop/Rock
11,Pop/Rock
12,Pop/Rock
13,Pop/Rock
14,Pop/Rock
15,Latin
16,Vocal
17,Country
18,Country
19,Country
20,Pop/Rock
21,Pop/Rock
22,R&B
23,Pop/Rock
24,Jazz
25,R&B
26,Blues
27,Jazz
28,Pop/Rock
29,Rap
30,Pop/Rock
31,Jazz
32,Jazz
33,Jazz
34,Jazz
35,Pop/Rock
36,Pop/Rock
37,Vocal
38,Pop/Rock
39,Pop/Rock
0,Pop/Rock
1,Pop/Rock
2,Pop/Rock
3,Pop/Rock
4,Pop/Rock
5,Pop/Rock
6,Jazz
7,Avant-Garde
8,Pop/Rock
9,Pop/Rock
10,Latin
11,Pop/Rock
12,Pop/Rock
13,Pop/Rock
14,Pop/Rock
15,Rap
16,Jazz
17,Country
18,Pop/Rock
19,Pop/Rock
20,Country
21,Pop/Rock
22,Pop/Rock
23,Pop/Rock
24,Pop/Rock
25,Blues
26,Pop/Rock
27,Pop/Rock
28,Pop/Rock
29,Jazz
30,Folk
31,Jazz
32,Pop/Rock
33,Rap
34,Jazz
35,Jazz
36,Jazz
37,Electronic
38,Pop/Rock
0,Holiday
1,Pop/Rock
2,Vocal
3,Rap
4,Pop/Rock
5,Pop/Rock
6,Pop/Rock
7,Jazz
8,Rap
9,Jazz
10,Holiday
11,Pop/Rock
12,Blues
13,Pop/Rock
14,Pop/Rock
15,Blues
16,Rap
17,Pop/Rock
18,Classical
19,Blues
20,Holiday
21,Pop/Rock
22,Pop/Rock
23,Pop/Rock
24,Jazz
25,Pop/Rock
26,Pop/Rock
27,Pop/Rock
28,Pop/Rock
29,Pop/Rock
30,Pop/Rock
31,Pop/Rock
32,Pop/Rock
33,Vocal
34,Pop/Rock
35,Blues
36,Pop/Rock
37,Pop/Rock
38,Pop/Rock
39,Pop/Rock
0,Country
1,Pop/Rock
2,Electronic
3,Pop/Rock
4,Pop/Rock
5,Pop/Rock
6,Electronic
7,R&B
8,R&B
9,Pop/Rock
10,Electronic
11,Pop/Rock
12,Pop/Rock
13,Pop/Rock
14,Pop/Rock
15,Pop/Rock
16,Pop/Rock
17,Pop/Rock
18,Pop/Rock
19,Pop/Rock
20,Pop/Rock
21,Pop/Rock
22,Rap
23,Pop/Rock
24,Country
25,Country
26,Vocal
27,Pop/Rock
28,Pop/Rock
29,Pop/Rock
30,Stage & Screen
31,Pop/Rock
32,Pop/Rock
33,Pop/Rock
34,Country
35,Pop/Rock
36,Vocal
37,Pop/Rock
38,Pop/Rock
39,Jazz
0,Pop/Rock
1,Electronic
2,Pop/Rock
3,Folk
4,Country
5,Pop/Rock
6,R&B
7,Pop/Rock
8,Pop/Rock
9,Pop/Rock
10,Pop/Rock
11,Jazz
12,Jazz
13,Pop/Rock
14,Pop/Rock
15,Pop/Rock
16,Pop/Rock
17,Country
18,Country
19,Pop/Rock
20,Pop/Rock
21,Pop/Rock
22,R&B
23,Pop/Rock
24,Religious
25,Classical
26,Electronic
27,Rap
28,Pop/Rock
29,Blues
30,Electronic
31,Pop/Rock
32,Country
33,Rap
34,Pop/Rock
35,Pop/Rock
36,Pop/Rock
37,Pop/Rock
38,Pop/Rock
39,Rap
0,Country
1,R&B
2,Pop/Rock
3,Country
4,Pop/Rock
5,Pop/Rock
6,Pop/Rock
7,Pop/Rock
8,Folk
9,Pop/Rock
10,Pop/Rock
11,Pop/Rock
12,Jazz
13,Pop/Rock
14,Pop/Rock
15,Pop/Rock
16,Pop/Rock
17,Pop/Rock
18,Pop/Rock
19,Pop/Rock
20,Pop/Rock
21,Jazz
22,Latin
23,Jazz
24,Electronic
25,Pop/Rock
26,Jazz
27,Pop/Rock
28,Jazz
29,Pop/Rock
30,Rap
31,Vocal
32,Latin
33,Pop/Rock
34,Jazz
35,Vocal
36,Pop/Rock
37,Pop/Rock
38,Jazz
39,Country
0,R&B
1,R&B
2,International
3,Pop/Rock
4,Pop/Rock
5,Pop/Rock
6,Pop/Rock
7,Classical
8,Pop/Rock
9,Country
10,Country
11,Pop/Rock
12,Pop/Rock
13,Pop/Rock
14,Pop/Rock
15,R&B
16,Pop/Rock
17,Pop/Rock
18,Pop/Rock
19,Pop/Rock
20,Pop/Rock
21,Pop/Rock
22,Pop/Rock
23,Pop/Rock
24,Pop/Rock
25,Stage & Screen
26,Pop/Rock
27,Pop/Rock
28,Electronic
29,Jazz
30,Pop/Rock
31,Pop/Rock
32,Electronic
33,Pop/Rock
34,Pop/Rock
35,Jazz
36,Jazz
37,Pop/Rock
38,Country
39,Pop/Rock
0,Pop/Rock
1,R&B
2,Pop/Rock
3,Jazz
4,Pop/Rock
5,Pop/Rock
6,Jazz
7,Pop/Rock
8,Pop/Rock
9,Jazz
10,Pop/Rock
11,Pop/Rock
12,Pop/Rock
13,Pop/Rock
14,Pop/Rock
15,Pop/Rock
16,Pop/Rock
17,Electronic
18,Rap
19,Blues
20,Folk
21,Rap
22,Pop/Rock
23,Pop/Rock
24,Rap
25,Jazz
26,Vocal
27,Pop/Rock
28,Pop/Rock
29,Pop/Rock
30,Pop/Rock
31,Pop/Rock
32,Pop/Rock
33,Pop/Rock
34,Country
35,Jazz
36,Blues
37,Rap
38,Jazz
39,Pop/Rock
0,Folk
1,Jazz
2,Pop/Rock
3,Pop/Rock
4,Rap
5,Pop/Rock
6,R&B
7,Pop/Rock
8,Pop/Rock
9,Pop/Rock
10,Pop/Rock
11,Rap
12,Pop/Rock
13,Pop/Rock
14,Rap
15,Blues
16,Pop/Rock
17,Jazz
18,Pop/Rock
19,Country
20,Pop/Rock
21,Country
22,Country
23,Jazz
24,Country
25,Pop/Rock
26,Pop/Rock
27,Country
28,Country
29,Vocal
30,Pop/Rock
31,Pop/Rock
32,Country
33,Pop/Rock
34,Jazz
35,Pop/Rock
36,Jazz
37,Pop/Rock
38,Country
39,Pop/Rock
0,Pop/Rock
1,Jazz
2,Pop/Rock
3,Pop/Rock
4,Pop/Rock
5,Vocal
6,Vocal
7,Pop/Rock
8,Pop/Rock
9,Jazz
10,Stage & Screen
11,Pop/Rock
12,Pop/Rock
13,Rap
14,R&B
15,Latin
16,Pop/Rock
17,Pop/Rock
18,Pop/Rock
19,Jazz
20,R&B
21,Vocal
22,Pop/Rock
23,Jazz
24,Pop/Rock
25,Pop/Rock
26,Pop/Rock
27,Pop/Rock
28,Pop/Rock
29,R&B
30,Jazz
31,Vocal
32,Pop/Rock
33,Pop/Rock
34,Latin
35,Jazz
36,Pop/Rock
37,Jazz
38,Pop/Rock
39,Pop/Rock
0,Pop/Rock
1,Jazz
2,Country
3,Pop/Rock
4,Pop/Rock
5,Pop/Rock
6,Pop/Rock
7,Jazz
8,Jazz
9,Pop/Rock
10,Pop/Rock
11,Pop/Rock
12,Pop/Rock
13,Pop/Rock
14,Pop/Rock
15,Jazz
16,Vocal
17,Rap
18,Pop/Rock
19,R&B
20,Pop/Rock
21,Jazz
22,R&B
23,Pop/Rock
24,Pop/Rock
25,Pop/Rock
26,Pop/Rock
27,Pop/Rock
28,Rap
29,Pop/Rock
30,Pop/Rock
31,Pop/Rock
32,Jazz
33,Pop/Rock
34,Pop/Rock
35,Pop/Rock
36,Pop/Rock
37,Pop/Rock
38,Rap
39,Pop/Rock
0,Pop/Rock
1,Pop/Rock
2,Pop/Rock
3,Pop/Rock
4,Pop/Rock
5,Pop/Rock
6,R&B
7,Pop/Rock
8,Classical
9,Classical
10,Pop/Rock
11,Rap
12,Electronic
13,Pop/Rock
14,R&B
15,International
16,Stage & Screen
17,Pop/Rock
18,Pop/Rock
19,Pop/Rock
20,Blues
21,Country
22,Pop/Rock
23,R&B
24,Pop/Rock
25,Pop/Rock
26,Country
27,Pop/Rock
28,Pop/Rock
29,Rap
30,Pop/Rock
31,Jazz
32,Vocal
33,Pop/Rock
34,Pop/Rock
35,Pop/Rock
36,Pop/Rock
37,R&B
38,Pop/Rock
39,R&B
0,Jazz
1,Pop/Rock
2,Pop/Rock
3,Jazz
4,Pop/Rock
5,R&B
6,Electronic
7,Jazz
8,R&B
9,Pop/Rock
10,Pop/Rock
11,Rap
12,Pop/Rock
13,Pop/Rock
14,Jazz
15,Country
16,Jazz
17,Latin
18,Pop/Rock
19,Pop/Rock
20,Pop/Rock
21,Jazz
22,Jazz
23,Pop/Rock
24,Jazz
25,Electronic
26,Electronic
27,Pop/Rock
28,R&B
29,Holiday
30,Pop/Rock
31,Pop/Rock
32,Pop/Rock
33,Rap
34,R&B
35,Rap
36,Pop/Rock
37,Country
38,Pop/Rock
39,Jazz
0,R&B
1,Pop/Rock
2,Country
3,Pop/Rock
4,Pop/Rock
5,Pop/Rock
6,R&B
7,Pop/Rock
8,Pop/Rock
9,Rap
10,Jazz
11,Pop/Rock
12,Pop/Rock
13,Country
14,Pop/Rock
15,R&B
16,Pop/Rock
17,Classical
18,Pop/Rock
19,Pop/Rock
20,Jazz
21,Pop/Rock
22,Pop/Rock
23,Pop/Rock
24,Religious
25,Jazz
26,Pop/Rock
27,Pop/Rock
28,R&B
29,Pop/Rock
30,Pop/Rock
31,Vocal
32,Country
33,Holiday
34,Pop/Rock
35,Pop/Rock
36,Pop/Rock
37,Pop/Rock
38,R&B
0,Jazz
1,Country
2,Pop/Rock
3,Pop/Rock
4,Pop/Rock
5,Pop/Rock
6,Country
7,Jazz
8,Pop/Rock
9,Rap
10,Pop/Rock
11,Rap
12,Pop/Rock
13,Pop/Rock
14,Pop/Rock
15,Vocal
16,Pop/Rock
17,Blues
18,Pop/Rock
19,Jazz
20,Pop/Rock
21,Pop/Rock
22,Country
23,Pop/Rock
24,Folk
25,Pop/Rock
26,Rap
27,Pop/Rock
28,Pop/Rock
29,Pop/Rock
30,Rap
31,Pop/Rock
32,Pop/Rock
33,R&B
34,Jazz
35,Pop/Rock
36,Pop/Rock
37,Pop/Rock
38,Rap
39,Pop/Rock
0,Latin
1,Stage & Screen
2,Pop/Rock
3,Stage & Screen
4,Jazz
5,Pop/Rock
6,Country
7,Pop/Rock
8,Country
9,Jazz
10,Pop/Rock
11,Pop/Rock
12,Pop/Rock
13,Country
14,Reggae
15,Pop/Rock
16,Pop/Rock
17,Pop/Rock
18,Pop/Rock
19,Pop/Rock
20,Pop/Rock
21,Pop/Rock
22,Pop/Rock
23,Pop/Rock
24,Pop/Rock
25,Country
26,Pop/Rock
27,Pop/Rock
28,R&B
29,R&B
30,Holiday
31,Pop/Rock
32,Pop/Rock
33,Pop/Rock
34,Pop/Rock
35,Pop/Rock
36,Pop/Rock
37,Pop/Rock
38,Pop/Rock
39,Pop/Rock
0,Country
1,Blues
2,Pop/Rock
3,Pop/Rock
4,Blues
5,Pop/Rock
6,Blues
7,Pop/Rock
8,Rap
9,Pop/Rock
10,Pop/Rock
11,Rap
12,Jazz
13,R&B
14,R&B
15,Latin
16,Jazz
17,Pop/Rock
18,Country
19,R&B
20,Pop/Rock
21,Pop/Rock
22,Pop/Rock
23,Pop/Rock
24,Pop/Rock
25,Pop/Rock
26,Pop/Rock
27,Country
28,Pop/Rock
29,Country
30,Jazz
31,Pop/Rock
32,Pop/Rock
33,Pop/Rock
34,Pop/Rock
35,Pop/Rock
36,Pop/Rock
37,Vocal
38,Rap
39,Pop/Rock
0,Pop/Rock
1,Pop/Rock
2,R&B
3,Pop/Rock
4,Electronic
5,Jazz
6,R&B
7,Pop/Rock
8,Pop/Rock
9,Pop/Rock
10,Vocal
11,R&B
12,Classical
13,Pop/Rock
14,Pop/Rock
15,Pop/Rock
16,Pop/Rock
17,Pop/Rock
18,Pop/Rock
19,Pop/Rock
20,Pop/Rock
21,Rap
22,Pop/Rock
23,R&B
24,Pop/Rock
25,Pop/Rock
26,Latin
27,R&B
28,Jazz
29,Pop/Rock
30,R&B
31,Pop/Rock
32,Rap
33,Pop/Rock
34,Pop/Rock
35,Pop/Rock
36,Pop/Rock
37,Blues
38,R&B
39,R&B
0,Pop/Rock
1,Pop/Rock
2,Pop/Rock
3,Jazz
4,Pop/Rock
5,Pop/Rock
6,Country
7,Country
8,Pop/Rock
9,Pop/Rock
10,Pop/Rock
11,Pop/Rock
12,Religious
13,R&B
14,Pop/Rock
15,Pop/Rock
16,Pop/Rock
17,Electronic
18,Pop/Rock
19,Vocal
20,Vocal
21,R&B
22,Pop/Rock
23,Rap
24,Rap
25,R&B
26,Pop/Rock
27,Pop/Rock
28,Latin
29,Pop/Rock
30,Pop/Rock
31,Pop/Rock
32,Pop/Rock
33,Vocal
34,Pop/Rock
35,Pop/Rock
36,Rap
37,Vocal
38,Pop/Rock
39,Rap
0,Pop/Rock
1,Pop/Rock
2,Jazz
3,Pop/Rock
4,Vocal
5,Pop/Rock
6,Rap
7,Holiday
8,Jazz
9,Country
10,Pop/Rock
11,Pop/Rock
12,Electronic
13,Stage & Screen
14,Rap
15,Pop/Rock
16,Country
17,Pop/Rock
18,Pop/Rock
19,Pop/Rock
20,Pop/Rock
21,Electronic
22,Pop/Rock
23,Pop/Rock
24,Pop/Rock
25,Pop/Rock
26,Rap
27,Pop/Rock
28,Pop/Rock
29,Jazz
30,Pop/Rock
31,Pop/Rock
32,Pop/Rock
33,Pop/Rock
34,Pop/Rock
35,Jazz
36,Rap
37,Pop/Rock
38,Pop/Rock
39,Pop/Rock
0,Pop/Rock
1,Pop/Rock
2,Pop/Rock
3,Pop/Rock
4,R&B
5,Pop/Rock
6,Pop/Rock
7,Pop/Rock
8,Jazz
9,Pop/Rock
10,Folk
11,Stage & Screen
12,Vocal
13,Pop/Rock
14,Pop/Rock
15,Pop/Rock
16,Pop/Rock
17,R&B
18,Electronic
19,Pop/Rock
20,Pop/Rock
21,R&B
22,Pop/Rock
23,Avant-Garde
24,Country
25,Easy Listening
26,Pop/Rock
27,Jazz
28,Blues
29,Blues
30,Jazz
31,Pop/Rock
32,Pop/Rock
33,Pop/Rock
34,Pop/Rock
35,Pop/Rock
36,R&B
37,Jazz
38,Jazz
39,Pop/Rock
0,Pop/Rock
1,Jazz
2,Pop/Rock
3,Pop/Rock
4,Pop/Rock
5,Pop/Rock
6,Pop/Rock
7,Pop/Rock
8,Pop/Rock
9,Pop/Rock
10,Pop/Rock
11,Pop/Rock
12,Vocal
13,Country
14,Pop/Rock
15,Pop/Rock
16,Pop/Rock
17,Pop/Rock
18,Country
19,Pop/Rock
20,Country
21,Pop/Rock
22,Pop/Rock
23,Pop/Rock
24,Pop/Rock
25,Rap
26,Pop/Rock
27,Pop/Rock
28,Jazz
29,Pop/Rock
30,Pop/Rock
31,Stage & Screen
32,Pop/Rock
33,Pop/Rock
34,Rap
35,Pop/Rock
36,Pop/Rock
37,Country
38,Jazz
39,Pop/Rock
0,Rap
1,Religious
2,Pop/Rock
3,Pop/Rock
4,Pop/Rock
5,Pop/Rock
6,Rap
7,Pop/Rock
8,Pop/Rock
9,Jazz
10,Rap
11,R&B
12,Pop/Rock
13,R&B
14,Pop/Rock
15,R&B
16,Jazz
17,Rap
18,Pop/Rock
19,Rap
20,R&B
21,Pop/Rock
22,Pop/Rock
23,Pop/Rock
24,Pop/Rock
25,Pop/Rock
26,Pop/Rock
27,Pop/Rock
28,Pop/Rock
29,Pop/Rock
30,Pop/Rock
31,Pop/Rock
32,Pop/Rock
33,R&B
34,Folk
35,Pop/Rock
36,Country
37,Pop/Rock
38,Pop/Rock
39,R&B
0,Jazz
1,Jazz
2,Jazz
3,Pop/Rock
4,Jazz
5,Pop/Rock
6,Pop/Rock
7,Pop/Rock
8,Country
9,Pop/Rock
10,Pop/Rock
11,Jazz
12,Pop/Rock
13,Pop/Rock
14,Pop/Rock
15,Pop/Rock
16,Rap
17,Jazz
18,Pop/Rock
19,Jazz
20,Pop/Rock
21,Pop/Rock
22,Pop/Rock
23,Blues
24,Pop/Rock
25,Rap
26,R&B
27,Country
28,Pop/Rock
29,Pop/Rock
30,Country
31,Pop/Rock
32,Pop/Rock
33,Pop/Rock
34,Pop/Rock
35,Pop/Rock
36,Pop/Rock
37,Blues
38,Pop/Rock
39,Pop/Rock
0,Blues
1,Easy Listening
2,Pop/Rock
3,Pop/Rock
4,Pop/Rock
5,Rap
6,Pop/Rock
7,Rap
8,Pop/Rock
9,R&B
10,Pop/Rock
11,Jazz
12,Pop/Rock
13,Pop/Rock
14,Pop/Rock
15,Rap
16,Pop/Rock
17,Classical
18,Children's
19,Pop/Rock
20,Vocal
21,Pop/Rock
22,Pop/Rock
23,Pop/Rock
24,Pop/Rock
25,Pop/Rock
26,Pop/Rock
27,Pop/Rock
28,Jazz
29,Jazz
30,Electronic
31,Pop/Rock
32,Country
33,Pop/Rock
34,R&B
35,Pop/Rock
36,Pop/Rock
37,Pop/Rock
38,Pop/Rock
39,R&B
0,R&B
1,Pop/Rock
2,Pop/Rock
3,Pop/Rock
4,Vocal
5,Pop/Rock
6,R&B
7,Pop/Rock
8,Pop/Rock
9,Pop/Rock
10,Pop/Rock
11,Electronic
12,Pop/Rock
13,Pop/Rock
14,Pop/Rock
15,Pop/Rock
16,Pop/Rock
17,Jazz
18,Latin
19,Jazz
20,R&B
21,Rap
22,Pop/Rock
23,Country
24,Country
25,Pop/Rock
26,R&B
27,Rap
28,Country
29,Vocal
30,R&B
31,Pop/Rock
32,Pop/Rock
33,Pop/Rock
34,Blues
35,Jazz
36,Pop/Rock
37,Pop/Rock
38,Pop/Rock
0,R&B
1,Electronic
2,Pop/Rock
3,R&B
4,Pop/Rock
5,Country
6,Pop/Rock
7,Holiday
8,Vocal
9,Rap
10,Pop/Rock
11,Jazz
12,Country
13,R&B
14,Pop/Rock
15,Rap
16,Jazz
17,Pop/Rock
18,Pop/Rock
19,Pop/Rock
20,R&B
21,Latin
22,Pop/Rock
23,Rap
24,R&B
25,Country
26,Stage & Screen
27,Pop/Rock
28,Pop/Rock
29,Pop/Rock
30,Rap
31,Jazz
32,Country
33,Pop/Rock
34,R&B
35,Rap
36,Pop/Rock
37,Pop/Rock
38,Pop/Rock
39,Jazz
0,R&B
1,R&B
2,Pop/Rock
3,Pop/Rock
4,Pop/Rock
5,Pop/Rock
6,Jazz
7,Country
8,Folk
9,Pop/Rock
10,Country
11,Jazz
12,Pop/Rock
13,Pop/Rock
14,Pop/Rock
15,Jazz
16,Pop/Rock
17,Electronic
18,Pop/Rock
19,R&B
20,Pop/Rock
21,Pop/Rock
22,Rap
23,Pop/Rock
24,Pop/Rock
25,Pop/Rock
26,Jazz
27,Pop/Rock
28,Pop/Rock
29,Pop/Rock
30,Pop/Rock
31,Jazz
32,R&B
33,Jazz
34,Country
35,R&B
36,Jazz
37,Jazz
38,Pop/Rock
39,Pop/Rock
0,Pop/Rock
1,Pop/Rock
2,Avant-Garde
3,Pop/Rock
4,Pop/Rock
5,Pop/Rock
6,Holiday
7,Pop/Rock
8,Pop/Rock
9,Pop/Rock
10,R&B
11,Country
12,Pop/Rock
13,Pop/Rock
14,Pop/Rock
15,Country
16,Jazz
17,Pop/Rock
18,Electronic
19,Pop/Rock
20,Pop/Rock
21,Pop/Rock
22,Pop/Rock
23,Electronic
24,Jazz
25,Pop/Rock
26,Country
27,Electronic
28,Pop/Rock
29,Pop/Rock
30,Religious
31,Pop/Rock
32,Pop/Rock
33,Pop/Rock
34,Pop/Rock
35,Pop/Rock
36,Rap
37,Country
38,Pop/Rock
39,Pop/Rock
0,Pop/Rock
1,Blues
2,Vocal
3,Country
4,Pop/Rock
5,Pop/Rock
6,Blues
7,Pop/Rock
8,Pop/Rock
9,Country
10,Pop/Rock
11,Pop/Rock
12,Pop/Rock
13,Pop/Rock
14,Pop/Rock
15,Pop/Rock
16,Pop/Rock
17,Pop/Rock
18,Pop/Rock
19,Pop/Rock
20,Pop/Rock
21,Jazz
22,Pop/Rock
23,Pop/Rock
24,Pop/Rock
25,Folk
26,Classical
27,Pop/Rock
28,Pop/Rock
29,Pop/Rock
30,Pop/Rock
31,Pop/Rock
32,Pop/Rock
33,Country
34,Rap
35,Pop/Rock
36,R&B
37,Jazz
38,R&B
39,R&B
0,Pop/Rock
1,Country
2,Pop/Rock
3,Pop/Rock
4,Vocal
5,Pop/Rock
6,Latin
7,Latin
8,Pop/Rock
9,Electronic
10,Electronic
11,Pop/Rock
12,Pop/Rock
13,Pop/Rock
14,Folk
15,Stage & Screen
16,Pop/Rock
17,Pop/Rock
18,Pop/Rock
19,Pop/Rock
20,Country
21,Blues
22,Rap
23,Latin
24,Pop/Rock
25,Pop/Rock
26,Pop/Rock
27,Pop/Rock
28,Pop/Rock
29,Pop/Rock
30,Pop/Rock
31,Jazz
32,Country
33,Pop/Rock
34,Pop/Rock
35,Pop/Rock
36,Pop/Rock
37,Pop/Rock
38,Pop/Rock
39,Pop/Rock
0,Folk
1,Pop/Rock
2,Pop/Rock
3,Jazz
4,Pop/Rock
5,Pop/Rock
6,R&B
7,Vocal
8,Pop/Rock
9,Pop/Rock
10,Pop/Rock
11,Pop/Rock
12,Blues
13,Pop/Rock
14,Rap
15,Pop/Rock
16,Pop/Rock
17,Pop/Rock
18,Pop/Rock
19,Jazz
20,Latin
21,Pop/Rock
22,Pop/Rock
23,Pop/Rock
24,Jazz
25,Vocal
26,Jazz
27,Jazz
28,Rap
29,Pop/Rock
30,Pop/Rock
31,Pop/Rock
32,Blues
33,Pop/Rock
34,Pop/Rock
35,Pop/Rock
36,Folk
37,Pop/Rock
38,R&B
39,Pop/Rock
0,Jazz
1,Pop/Rock
2,Pop/Rock
3,Pop/Rock
4,Pop/Rock
5,Pop/Rock
6,Pop/Rock
7,Pop/Rock
8,Pop/Rock
9,Pop/Rock
10,Pop/Rock
11,Pop/Rock
12,Country
13,Holiday
14,Pop/Rock
15,Pop/Rock
16,Pop/Rock
17,Jazz
18,Country
19,Pop/Rock
20,Pop/Rock
21,Electronic
22,Pop/Rock
23,Pop/Rock
24,Vocal
25,Pop/Rock
26,Pop/Rock
27,Pop/Rock
28,Rap
29,Country
30,Pop/Rock
31,Pop/Rock
32,Country
33,Pop/Rock
34,Pop/Rock
35,Pop/Rock
36,Pop/Rock
37,Country
38,Vocal
0,Pop/Rock
1,Pop/Rock
2,Pop/Rock
3,Pop/Rock
4,Vocal
5,Pop/Rock
6,Jazz
7,Pop/Rock
8,Jazz
9,Pop/Rock
10,Latin
11,Pop/Rock
12,Rap
13,Vocal
14,Pop/Rock
15,Rap
16,Rap
17,Pop/Rock
18,Pop/Rock
19,Pop/Rock
20,Country
21,Jazz
22,Pop/Rock
23,Pop/Rock
24,Pop/Rock
25,Pop/Rock
26,Jazz
27,Pop/Rock
28,Pop/Rock
29,Country
30,Pop/Rock
31,Pop/Rock
32,R&B
33,Country
34,Pop/Rock
35,Pop/Rock
36,Pop/Rock
37,Pop/Rock
38,Jazz
39,Folk
0,Pop/Rock
1,Jazz
2,Country
3,Pop/Rock
4,Pop/Rock
5,Country
6,Avant-Garde
7,Country
8,Jazz
9,Pop/Rock
10,Pop/Rock
11,Electronic
12,Pop/Rock
13,Jazz
14,Pop/Rock
15,Pop/Rock
16,Pop/Rock
17,Electronic
18,Rap
19,Pop/Rock
20,Classical
21,Pop/Rock
22,Country
23,Pop/Rock
24,Country
25,Vocal
26,Pop/Rock
27,Pop/Rock
28,Pop/Rock
29,Electronic
30,Pop/Rock
31,Pop/Rock
32,Pop/Rock
33,Rap
34,Pop/Rock
35,Pop/Rock
36,Pop/Rock
37,Jazz
38,R&B
0,Pop/Rock
1,Pop/Rock
2,Vocal
3,Pop/Rock
4,Jazz
5,Jazz
6,Country
7,Pop/Rock
8,Pop/Rock
9,Electronic
10,Pop/Rock
11,Blues
12,Blues
13,R&B
14,Pop/Rock
15,Pop/Rock
16,Folk
17,Pop/Rock
18,Pop/Rock
19,Pop/Rock
20,Pop/Rock
21,Pop/Rock
22,Pop/Rock
23,Country
24,Country
25,Jazz
26,Jazz
27,Rap
28,Pop/Rock
29,Pop/Rock
30,Pop/Rock
31,Pop/Rock
32,Pop/Rock
33,Pop/Rock
34,Rap
35,Pop/Rock
36,Pop/Rock
37,Pop/Rock
38,Pop/Rock
39,Pop/Rock
0,Pop/Rock
1,Pop/Rock
2,Pop/Rock
3,Jazz
4,Folk
5,Country
6,Country
7,Pop/Rock
8,Vocal
9,Vocal
10,Pop/Rock
11,Pop/Rock
12,Pop/Rock
13,Jazz
14,Pop/Rock
15,Pop/Rock
16,Pop/Rock
17,Pop/Rock
18,International
19,Pop/Rock
20,Pop/Rock
21,Pop/Rock
22,Pop/Rock
23,Pop/Rock
24,Pop/Rock
25,Pop/Rock
26,Pop/Rock
27,Pop/Rock
28,Pop/Rock
29,Pop/Rock
30,Pop/Rock
31,Pop/Rock
32,Pop/Rock
33,Pop/Rock
34,Pop/Rock
35,Pop/Rock
36,Pop/Rock
37,Pop/Rock
38,Pop/Rock
39,R&B
0,Pop/Rock
1,R&B
2,Pop/Rock
3,Pop/Rock
4,R&B
5,Rap
6,Jazz
7,Electronic
8,Pop/Rock
9,Pop/Rock
10,Pop/Rock
11,Jazz
12,Pop/Rock
13,R&B
14,Pop/Rock
15,Vocal
16,Vocal
17,Pop/Rock
18,Jazz
19,Pop/Rock
20,Pop/Rock
21,Jazz
22,Pop/Rock
23,Pop/Rock
24,Pop/Rock
25,Country
26,Classical
27,Pop/Rock
28,Country
29,Pop/Rock
30,Holiday
31,Pop/Rock
32,Pop/Rock
33,Pop/Rock
34,Pop/Rock
35,R&B
36,Pop/Rock
37,Pop/Rock
38,Pop/Rock
39,Pop/Rock
0,Pop/Rock
1,Pop/Rock
2,Pop/Rock
3,Pop/Rock
4,Pop/Rock
5,Pop/Rock
6,Country
7,Pop/Rock
8,Jazz
9,Country
10,Pop/Rock
11,Pop/Rock
12,Pop/Rock
13,Pop/Rock
14,Country
15,Vocal
16,Rap
17,R&B
18,Pop/Rock
19,Pop/Rock
20,Pop/Rock
21,Pop/Rock
22,Country
23,Pop/Rock
24,Pop/Rock
25,Pop/Rock
26,Pop/Rock
27,R&B
28,Pop/Rock
29,Pop/Rock
30,Country
31,Pop/Rock
32,R&B
33,Rap
34,Jazz
35,Rap
36,Pop/Rock
37,Pop/Rock
38,Pop/Rock
39,Pop/Rock
0,Pop/Rock
1,Folk
2,Pop/Rock
3,Pop/Rock
4,Pop/Rock
5,Latin
6,Pop/Rock
7,Pop/Rock
8,Jazz
9,Rap
10,Country
11,R&B
12,Country
13,Pop/Rock
14,Pop/Rock
15,New Age
16,Pop/Rock
17,Pop/Rock
18,Pop/Rock
19,Pop/Rock
20,Jazz
21,Pop/Rock
22,Rap
23,Pop/Rock
24,Classical
25,Jazz
26,Pop/Rock
27,Vocal
28,Rap
29,Pop/Rock
30,Rap
31,Pop/Rock
32,Country
33,Pop/Rock
34,Pop/Rock
35,Pop/Rock
36,Pop/Rock
37,Classical
38,Jazz
39,Jazz
0,Pop/Rock
1,Rap
2,Stage & Screen
3,Pop/Rock
4,Pop/Rock
5,Pop/Rock
6,Jazz
7,Pop/Rock
8,Electronic
9,Pop/Rock
10,Pop/Rock
11,Rap
12,Reggae
13,Pop/Rock
14,Pop/Rock
15,Blues
16,Electronic
17,Avant-Garde
18,Pop/Rock
19,Jazz
20,Folk
21,Jazz
22,Jazz
23,Pop/Rock
24,Jazz
25,Folk
26,Pop/Rock
27,Pop/Rock
28,Jazz
29,Pop/Rock
30,Pop/Rock
31,Pop/Rock
32,Pop/Rock
33,Jazz
34,Pop/Rock
35,Jazz
36,Pop/Rock
37,Country
38,Rap
39,Pop/Rock
0,Pop/Rock
1,Pop/Rock
2,Electronic
3,Pop/Rock
4,Blues
5,Country
6,Pop/Rock
7,Pop/Rock
8,Pop/Rock
9,Pop/Rock
10,Pop/Rock
11,Pop/Rock
12,Pop/Rock
13,Pop/Rock
14,Pop/Rock
15,Jazz
16,Pop/Rock
17,Pop/Rock
18,Pop/Rock
19,Vocal
20,R&B
21,Folk
22,Pop/Rock
23,Pop/Rock
24,Rap
25,Jazz
26,Country
27,Jazz
28,Rap
29,Pop/Rock
30,Pop/Rock
31,International
32,Jazz
33,Pop/Rock
34,Jazz
35,Pop/Rock
36,Pop/Rock
37,Pop/Rock
38,Jazz
0,Pop/Rock
1,Pop/Rock
2,Rap
3,Vocal
4,Pop/Rock
5,Pop/Rock
6,Latin
7,Jazz
8,Vocal
9,Pop/Rock
10,Jazz
11,R&B
12,Country
13,Pop/Rock
14,Pop/Rock
15,Pop/Rock
16,Pop/Rock
17,Pop/Rock
18,Pop/Rock
19,Country
20,Rap
21,Pop/Rock
22,Pop/Rock
23,Pop/Rock
24,Pop/Rock
25,Pop/Rock
26,Pop/Rock
27,Rap
28,Electronic
29,Pop/Rock
30,Pop/Rock
31,Jazz
32,Rap
33,Pop/Rock
34,Jazz
35,Pop/Rock
36,Pop/Rock
37,Pop/Rock
38,Pop/Rock
0,Pop/Rock
1,Pop/Rock
2,Country
3,Pop/Rock
4,Pop/Rock
5,Electronic
6,Pop/Rock
7,R&B
8,Pop/Rock
9,Country
10,Country
11,Pop/Rock
12,Pop/Rock
13,Vocal
14,Pop/Rock
15,Pop/Rock
16,Pop/Rock
17,Pop/Rock
18,Pop/Rock
19,Pop/Rock
20,Pop/Rock
21,Pop/Rock
22,Country
23,Pop/Rock
24,Pop/Rock
25,Pop/Rock
26,Jazz
27,Pop/Rock
28,Pop/Rock
29,Rap
30,Electronic
31,Jazz
32,Pop/Rock
33,Pop/Rock
34,Pop/Rock
35,Pop/Rock
36,Pop/Rock
37,Pop/Rock
38,Pop/Rock
39,Electronic
0,Pop/Rock
1,Rap
2,Pop/Rock
3,Religious
4,Pop/Rock
5,Rap
6,Pop/Rock
7,Jazz
8,Pop/Rock
9,R&B
10,Pop/Rock
11,Pop/Rock
12,Easy Listening
13,Rap
14,Pop/Rock
15,Pop/Rock
16,Pop/Rock
17,Holiday
18,Pop/Rock
19,Stage & Screen
20,Jazz
21,Country
22,Religious
23,Jazz
24,Vocal
25,Pop/Rock
26,R&B
27,R&B
28,R&B
29,Country
30,Pop/Rock
31,Pop/Rock
32,Jazz
33,Pop/Rock
34,Rap
35,Pop/Rock
36,Jazz
37,Pop/Rock
38,Electronic
39,Pop/Rock
0,Pop/Rock
1,R&B
2,Pop/Rock
3,Pop/Rock
4,Vocal
5,Pop/Rock
6,Pop/Rock
7,Vocal
8,Blues
9,Pop/Rock
10,Pop/Rock
11,Pop/Rock
12,Pop/Rock
13,Pop/Rock
14,Pop/Rock
15,Jazz
16,Pop/Rock
17,Jazz
18,Pop/Rock
19,Rap
20,Rap
21,R&B
22,Pop/Rock
23,Easy Listening
24,Easy Listening
25,R&B
26,Rap
27,Pop/Rock
28,Rap
29,Pop/Rock
30,Pop/Rock
31,Pop/Rock
32,Pop/Rock
33,R&B
34,Jazz
35,Pop/Rock
36,Pop/Rock
37,Pop/Rock
38,Country
0,Country
1,Jazz
2,Pop/Rock
3,Pop/Rock
4,Pop/Rock
5,Pop/Rock
6,Pop/Rock
7,Vocal
8,Rap
9,Pop/Rock
10,Pop/Rock
11,Jazz
12,Pop/Rock
13,Pop/Rock
14,Vocal
15,Pop/Rock
16,Country
17,Pop/Rock
18,Pop/Rock
19,Pop/Rock
20,Blues
21,Pop/Rock
22,Pop/Rock
23,Pop/Rock
24,Country
25,Pop/Rock
26,Pop/Rock
27,Easy Listening
28,Pop/Rock
29,Pop/Rock
30,Pop/Rock
31,Pop/Rock
32,Pop/Rock
33,Pop/Rock
34,Pop/Rock
35,Pop/Rock
36,Pop/Rock
37,Pop/Rock
38,Country
39,Jazz
0,Pop/Rock
1,Pop/Rock
2,Pop/Rock
3,Pop/Rock
4,Pop/Rock
5,Pop/Rock
6,Pop/Rock
7,Pop/Rock
8,Vocal
9,Rap
10,Pop/Rock
11,R&B
12,Pop/Rock
13,Stage & Screen
14,Pop/Rock
15,Pop/Rock
16,Pop/Rock
17,Country
18,Blues
19,Pop/Rock
20,Pop/Rock
21,Pop/Rock
22,Pop/Rock
23,Pop/Rock
24,Pop/Rock
25,Jazz
26,Pop/Rock
27,Pop/Rock
28,Pop/Rock
29,Pop/Rock
30,R&B
31,Pop/Rock
32,R&B
33,Country
34,Pop/Rock
35,Jazz
36,R&B
37,Pop/Rock
38,Religious
39,Reggae
0,Pop/Rock
1,Pop/Rock
2,Pop/Rock
3,Pop/Rock
4,Pop/Rock
5,Religious
6,Electronic
7,Pop/Rock
8,Pop/Rock
9,Pop/Rock
10,Pop/Rock
11,R&B
12,Jazz
13,Pop/Rock
14,Pop/Rock
15,Pop/Rock
16,Pop/Rock
17,R&B
18,Pop/Rock
19,Pop/Rock
20,Classical
21,Pop/Rock
22,Pop/Rock
23,Pop/Rock
24,Country
25,R&B
26,Pop/Rock
27,Pop/Rock
28,Pop/Rock
29,Jazz
30,Vocal
31,Pop/Rock
32,Pop/Rock
33,Pop/Rock
34,Rap
35,Pop/Rock
36,Pop/Rock
37,Vocal
38,Pop/Rock
39,Country
0,Pop/Rock
1,Pop/Rock
2,Pop/Rock
3,Rap
4,Religious
5,Pop/Rock
6,Pop/Rock
7,Jazz
8,Pop/Rock
9,Stage & Screen
10,R&B
11,Pop/Rock
12,Country
13,R&B
14,Rap
15,Pop/Rock
16,Pop/Rock
17,Jazz
18,Electronic
19,Rap
20,Country
21,R&B
22,Religious
23,Easy Listening
24,Country
25,R&B
26,Country
27,Electronic
28,Pop/Rock
29,Rap
30,Country
31,Pop/Rock
32,Pop/Rock
33,Pop/Rock
34,Pop/Rock
35,R&B
36,Pop/Rock
37,Jazz
38,R&B
39,Pop/Rock
0,Vocal
1,Pop/Rock
2,Pop/Rock
3,Pop/Rock
4,Classical
5,Pop/Rock
6,Country
7,Pop/Rock
8,Pop/Rock
9,R&B
10,Rap
11,Pop/Rock
12,Country
13,Country
14,New Age
15,Pop/Rock
16,Pop/Rock
17,Pop/Rock
18,Pop/Rock
19,Pop/Rock
20,Vocal
21,Rap
22,Pop/Rock
23,R&B
24,Pop/Rock
25,Pop/Rock
26,Pop/Rock
27,Pop/Rock
28,Pop/Rock
29,Pop/Rock
30,Jazz
31,R&B
32,Rap
33,Pop/Rock
34,R&B
35,Rap
36,Jazz
37,Pop/Rock
38,Classical
39,Pop/Rock
0,Pop/Rock
1,Rap
2,Pop/Rock
3,Pop/Rock
4,Holiday
5,Pop/Rock
6,Pop/Rock
7,Pop/Rock
8,Jazz
9,Blues
10,Pop/Rock
11,Pop/Rock
12,Pop/Rock
13,Pop/Rock
14,Jazz
15,Pop/Rock
16,Country
17,Jazz
18,Latin
19,Folk
20,Rap
21,Pop/Rock
22,Country
23,Pop/Rock
24,Blues
25,Pop/Rock
26,Pop/Rock
27,Country
28,Pop/Rock
29,Blues
30,Pop/Rock
31,Country
32,Electronic
33,Rap
34,Pop/Rock
35,Pop/Rock
36,Pop/Rock
37,Country
38,Pop/Rock
0,Rap
1,Pop/Rock
2,Pop/Rock
3,Pop/Rock
4,Pop/Rock
5,Rap
6,Pop/Rock
7,Pop/Rock
8,Pop/Rock
9,Pop/Rock
10,Pop/Rock
11,Pop/Rock
12,Jazz
13,Jazz
14,Religious
15,Pop/Rock
16,Pop/Rock
17,Pop/Rock
18,Pop/Rock
19,Pop/Rock
20,Pop/Rock
21,Pop/Rock
22,Electronic
23,Pop/Rock
24,Jazz
25,Country
26,Country
27,R&B
28,International
29,Pop/Rock
30,Rap
31,Pop/Rock
32,Pop/Rock
33,Pop/Rock
34,Pop/Rock
35,Rap
36,Country
37,Jazz
0,Pop/Rock
1,Blues
2,Pop/Rock
3,Pop/Rock
4,Pop/Rock
5,R&B
6,R&B
7,Pop/Rock
8,Pop/Rock
9,Rap
10,Pop/Rock
11,Pop/Rock
12,Pop/Rock
13,Pop/Rock
14,Jazz
15,Pop/Rock
16,Pop/Rock
17,Rap
18,Pop/Rock
19,Religious
20,Pop/Rock
21,Pop/Rock
22,Pop/Rock
23,Reggae
24,R&B
25,Pop/Rock
26,Pop/Rock
27,Electronic
28,Reggae
29,Pop/Rock
30,Pop/Rock
31,R&B
32,Pop/Rock
33,Pop/Rock
34,Pop/Rock
35,Pop/Rock
36,Pop/Rock
37,Electronic
38,International
39,Pop/Rock
0,Country
1,Classical
2,Pop/Rock
3,Electronic
4,Jazz
5,Jazz
6,Jazz
7,Blues
8,Jazz
9,Pop/Rock
10,Pop/Rock
11,Pop/Rock
12,Pop/Rock
13,Pop/Rock
14,Pop/Rock
15,Pop/Rock
16,Jazz
17,Pop/Rock
18,R&B
19,Pop/Rock
20,Electronic
21,R&B
22,R&B
23,R&B
24,Blues
25,Jazz
26,Pop/Rock
27,Pop/Rock
28,R&B
29,Pop/Rock
30,Electronic
31,Pop/Rock
32,Jazz
33,Jazz
34,Pop/Rock
35,Pop/Rock
36,Country
37,Pop/Rock
38,Pop/Rock
39,Folk
0,Pop/Rock
1,Pop/Rock
2,Pop/Rock
3,R&B
4,Pop/Rock
5,Pop/Rock
6,Pop/Rock
7,Country
8,Pop/Rock
9,Pop/Rock
10,Pop/Rock
11,Children's
12,R&B
13,Pop/Rock
14,Avant-Garde
15,Pop/Rock
16,Pop/Rock
17,Pop/Rock
18,Vocal
19,Country
20,Pop/Rock
21,Vocal
22,R&B
23,Pop/Rock
24,Rap
25,Pop/Rock
26,R&B
27,Pop/Rock
28,Vocal
29,R&B
30,Pop/Rock
31,Pop/Rock
32,Pop/Rock
33,Vocal
34,Stage & Screen
35,R&B
36,Pop/Rock
37,Jazz
38,Jazz
39,Pop/Rock
0,International
1,Jazz
2,Pop/Rock
3,Pop/Rock
4,Pop/Rock
5,Jazz
6,Jazz
7,Country
8,Country
9,Pop/Rock
10,Pop/Rock
11,Folk
12,Pop/Rock
13,Pop/Rock
14,Jazz
15,Pop/Rock
16,Pop/Rock
17,Pop/Rock
18,Blues
19,Country
20,Pop/Rock
21,R&B
22,R&B
23,Pop/Rock
24,Rap
25,Blues
26,Blues
27,R&B
28,Pop/Rock
29,Rap
30,Jazz
31,Jazz
32,Pop/Rock
33,Folk
34,Jazz
35,Pop/Rock
36,Jazz
37,Rap
38,Pop/Rock
39,Pop/Rock
0,R&B
1,Pop/Rock
2,Pop/Rock
3,Jazz
4,Jazz
5,Pop/Rock
6,Pop/Rock
7,Easy Listening
8,Pop/Rock
9,Jazz
10,Country
11,Electronic
12,Pop/Rock
13,Pop/Rock
14,Pop/Rock
15,Pop/Rock
16,Pop/Rock
17,Pop/Rock
18,Pop/Rock
19,R&B
20,Pop/Rock
21,Jazz
22,Pop/Rock
23,Jazz
24,R&B
25,Pop/Rock
26,R&B
27,Pop/Rock
28,Pop/Rock
29,R&B
30,Pop/Rock
31,Pop/Rock
32,Pop/Rock
33,Pop/Rock
34,Pop/Rock
35,Pop/Rock
36,R&B
37,Classical
38,Electronic
0,Classical
1,Pop/Rock
2,Pop/Rock
3,Pop/Rock
4,Pop/Rock
5,Pop/Rock
6,R&B
7,Pop/Rock
8,Jazz
9,Pop/Rock
10,Pop/Rock
11,Rap
12,Pop/Rock
13,Pop/Rock
14,Pop/Rock
15,Jazz
16,Pop/Rock
17,Pop/Rock
18,Vocal
19,Country
20,Pop/Rock
21,New Age
22,Pop/Rock
23,Avant-Garde
24,R&B
25,Pop/Rock
26,Pop/Rock
27,Pop/Rock
28,R&B
29,Jazz
30,Pop/Rock
31,R&B
32,Pop/Rock
33,Folk
34,Religious
35,R&B
36,Pop/Rock
37,Pop/Rock
38,Pop/Rock
39,Electronic
0,R&B
1,Pop/Rock
2,Pop/Rock
3,Country
4,Jazz
5,Pop/Rock
6,Pop/Rock
7,Pop/Rock
8,R&B
9,R&B
10,Pop/Rock
11,Pop/Rock
12,Pop/Rock
13,Pop/Rock
14,Pop/Rock
15,Pop/Rock
16,Blues
17,Country
18,Electronic
19,Folk
20,Pop/Rock
21,Pop/Rock
22,Pop/Rock
23,Country
24,Pop/Rock
25,Country
26,Easy Listening
27,Pop/Rock
28,Vocal
29,Pop/Rock
30,Jazz
31,Pop/Rock
32,Pop/Rock
33,Pop/Rock
34,Pop/Rock
35,Pop/Rock
36,Pop/Rock
0,Country
1,Pop/Rock
2,Pop/Rock
3,Pop/Rock
4,Jazz
5,Pop/Rock
6,Pop/Rock
7,Pop/Rock
8,Pop/Rock
9,Jazz
10,Latin
11,Latin
12,Pop/Rock
13,Pop/Rock
14,Pop/Rock
15,Jazz
16,Pop/Rock
17,Pop/Rock
18,Pop/Rock
19,R&B
20,R&B
21,Pop/Rock
22,Pop/Rock
23,Rap
24,Folk
25,Pop/Rock
26,Rap
27,Pop/Rock
28,Pop/Rock
29,Country
30,Pop/Rock
31,Pop/Rock
32,Vocal
33,Pop/Rock
34,Pop/Rock
35,Country
36,Pop/Rock
37,Pop/Rock
38,Pop/Rock
39,Pop/Rock
0,Pop/Rock
1,Pop/Rock
2,Vocal
3,Country
4,Electronic
5,Pop/Rock
6,Classical
7,Pop/Rock
8,Blues
9,Rap
10,Country
11,Electronic
12,Pop/Rock
13,Pop/Rock
14,Pop/Rock
15,Vocal
16,Pop/Rock
17,Pop/Rock
18,Pop/Rock
19,Pop/Rock
20,Blues
21,Pop/Rock
22,Pop/Rock
23,Pop/Rock
24,Classical
25,Pop/Rock
26,Jazz
27,Pop/Rock
28,Pop/Rock
29,R&B
30,Jazz
31,Pop/Rock
32,Pop/Rock
33,Pop/Rock
34,Pop/Rock
35,R&B
36,Pop/Rock
37,Vocal
38,Pop/Rock
39,Religious
0,Pop/Rock
1,Pop/Rock
2,Jazz
3,Pop/Rock
4,Pop/Rock
5,Pop/Rock
6,Pop/Rock
7,Pop/Rock
8,Pop/Rock
9,Pop/Rock
10,Stage & Screen
11,Jazz
12,Jazz
13,R&B
14,Pop/Rock
15,Pop/Rock
16,Pop/Rock
17,Pop/Rock
18,R&B
19,Pop/Rock
20,Pop/Rock
21,Rap
22,Pop/Rock
23,Pop/Rock
24,Pop/Rock
25,Pop/Rock
26,Rap
27,Pop/Rock
28,Electronic
29,Classical
30,Pop/Rock
31,Jazz
32,R&B
33,Country
34,Pop/Rock
35,Pop/Rock
36,Pop/Rock
37,Pop/Rock
38,Pop/Rock
39,Pop/Rock
0,Pop/Rock
1,Pop/Rock
2,Pop/Rock
3,Country
4,Pop/Rock
5,Rap
6,R&B
7,Pop/Rock
8,Pop/Rock
9,Pop/Rock
10,Pop/Rock
11,Pop/Rock
12,Jazz
13,R&B
14,Electronic
15,Pop/Rock
16,Pop/Rock
17,Pop/Rock
18,Country
19,Electronic
20,Pop/Rock
21,Vocal
22,Jazz
23,Electronic
24,Pop/Rock
25,Pop/Rock
26,Pop/Rock
27,Country
28,Pop/Rock
29,Blues
30,Pop/Rock
31,Children's
32,Electronic
33,Country
34,Rap
35,Pop/Rock
36,Pop/Rock
37,Pop/Rock
38,Jazz
0,Pop/Rock
1,Pop/Rock
2,Pop/Rock
3,Pop/Rock
4,R&B
5,R&B
6,Pop/Rock
7,R&B
8,Pop/Rock
9,Country
10,Country
11,Pop/Rock
12,Pop/Rock
13,Jazz
14,Religious
15,Pop/Rock
16,International
17,Pop/Rock
18,Pop/Rock
19,Pop/Rock
20,Pop/Rock
21,Pop/Rock
22,Vocal
23,Pop/Rock
24,Blues
25,Pop/Rock
26,Pop/Rock
27,Pop/Rock
28,Pop/Rock
29,Jazz
30,Country
31,Pop/Rock
32,Pop/Rock
33,Pop/Rock
34,Pop/Rock
35,Pop/Rock
36,Pop/Rock
37,R&B
38,Pop/Rock
39,Pop/Rock
0,Pop/Rock
1,Pop/Rock
2,Pop/Rock
3,Jazz
4,Rap
5,Pop/Rock
6,Pop/Rock
7,Pop/Rock
8,Pop/Rock
9,Pop/Rock
10,Jazz
11,Jazz
12,Pop/Rock
13,Pop/Rock
14,Pop/Rock
15,Pop/Rock
16,Pop/Rock
17,Pop/Rock
18,Pop/Rock
19,Pop/Rock
20,Country
21,Stage & Screen
22,Jazz
23,Stage & Screen
24,Country
25,Pop/Rock
26,Pop/Rock
27,Pop/Rock
28,Children's
29,Pop/Rock
30,Vocal
31,Country
32,Children's
33,Pop/Rock
34,Pop/Rock
35,Pop/Rock
36,Pop/Rock
37,Folk
38,Stage & Screen
39,Jazz
0,Jazz
1,Jazz
2,Pop/Rock
3,International
4,R&B
5,Pop/Rock
6,R&B
7,Pop/Rock
8,Pop/Rock
9,Country
10,Pop/Rock
11,Pop/Rock
12,Folk
13,Rap
14,Pop/Rock
15,Jazz
16,Pop/Rock
17,Jazz
18,International
19,Pop/Rock
20,Pop/Rock
21,Pop/Rock
22,Electronic
23,Rap
24,Rap
25,Pop/Rock
26,Pop/Rock
27,Pop/Rock
28,Jazz
29,R&B
30,Pop/Rock
31,Country
32,Pop/Rock
33,Country
34,Pop/Rock
35,Pop/Rock
36,Rap
37,Pop/Rock
38,Rap
39,Jazz
0,Electronic
1,Pop/Rock
2,Country
3,Jazz
4,Pop/Rock
5,Pop/Rock
6,R&B
7,Country
8,Latin
9,Pop/Rock
10,Pop/Rock
11,Pop/Rock
12,Pop/Rock
13,Pop/Rock
14,Pop/Rock
15,Vocal
16,Rap
17,Pop/Rock
18,Pop/Rock
19,Rap
20,Pop/Rock
21,Pop/Rock
22,Pop/Rock
23,Pop/Rock
24,Pop/Rock
25,Pop/Rock
26,Pop/Rock
27,Pop/Rock
28,Jazz
29,Pop/Rock
30,Pop/Rock
31,Pop/Rock
32,R&B
33,Rap
34,Pop/Rock
35,Pop/Rock
36,Pop/Rock
37,Country
38,Country
39,Vocal
0,Country
1,Country
2,Pop/Rock
3,Pop/Rock
4,Pop/Rock
5,Folk
6,Jazz
7,Pop/Rock
8,Pop/Rock
9,Vocal
10,Pop/Rock
11,Pop/Rock
12,Pop/Rock
13,R&B
14,Country
15,Pop/Rock
16,Pop/Rock
17,Classical
18,Pop/Rock
19,Pop/Rock
20,Pop/Rock
21,Pop/Rock
22,Pop/Rock
23,Pop/Rock
24,Holiday
25,Pop/Rock
26,Jazz
27,Pop/Rock
28,Stage & Screen
29,Blues
30,Pop/Rock
31,Religious
32,Pop/Rock
33,Jazz
34,Pop/Rock
35,Country
36,Pop/Rock
37,Rap
38,Pop/Rock
39,Rap
0,Pop/Rock
1,Pop/Rock
2,Pop/Rock
3,Jazz
4,Jazz
5,Pop/Rock
6,Pop/Rock
7,R&B
8,Rap
9,Rap
10,Pop/Rock
11,Pop/Rock
12,Pop/Rock
13,R&B
14,Pop/Rock
15,Pop/Rock
16,Pop/Rock
17,R&B
18,Pop/Rock
19,Jazz
20,Jazz
21,Pop/Rock
22,Pop/Rock
23,R&B
24,Folk
25,Jazz
26,International
27,Pop/Rock
28,Pop/Rock
29,Pop/Rock
30,Pop/Rock
31,Rap
32,Vocal
33,Classical
34,Rap
35,Jazz
36,Jazz
37,Pop/Rock
38,Children's
39,Pop/Rock
0,Pop/Rock
1,Electronic
2,Pop/Rock
3,Pop/Rock
4,Country
5,Pop/Rock
6,Jazz
7,Easy Listening
8,Electronic
9,Pop/Rock
10,Pop/Rock
11,Jazz
12,Pop/Rock
13,Pop/Rock
14,Pop/Rock
15,Pop/Rock
16,Rap
17,Pop/Rock
18,Pop/Rock
19,Pop/Rock
20,Pop/Rock
21,Pop/Rock
22,Pop/Rock
23,Pop/Rock
24,Pop/Rock
25,Electronic
26,Religious
27,Vocal
28,Pop/Rock
29,Jazz
30,Pop/Rock
31,Electronic
32,Pop/Rock
33,Blues
34,Pop/Rock
35,Pop/Rock
36,Pop/Rock
37,Pop/Rock
38,Rap
0,Classical
1,Country
2,Pop/Rock
3,Pop/Rock
4,Rap
5,Pop/Rock
6,Pop/Rock
7,Pop/Rock
8,Electronic
9,R&B
10,Pop/Rock
11,R&B
12,Rap
13,Rap
14,Pop/Rock
15,Blues
16,Pop/Rock
17,Pop/Rock
18,Pop/Rock
19,Blues
20,Country
21,Pop/Rock
22,Pop/Rock
23,Pop/Rock
24,Jazz
25,Pop/Rock
26,Country
27,Pop/Rock
28,Pop/Rock
29,Pop/Rock
30,Pop/Rock
31,Jazz
32,Electronic
33,Pop/Rock
34,Pop/Rock
35,Pop/Rock
36,Pop/Rock
37,Country
38,Pop/Rock
39,Pop/Rock
0,Electronic
1,Pop/Rock
2,Pop/Rock
3,R&B
4,Jazz
5,Pop/Rock
6,Country
7,Pop/Rock
8,Pop/Rock
9,Pop/Rock
10,Pop/Rock
11,Pop/Rock
12,Pop/Rock
13,Pop/Rock
14,Pop/Rock
15,Pop/Rock
16,Country
17,Pop/Rock
18,Pop/Rock
19,Vocal
20,Jazz
21,Avant-Garde
22,Pop/Rock
23,Pop/Rock
24,Jazz
25,Rap
26,Pop/Rock
27,Pop/Rock
28,Pop/Rock
29,Pop/Rock
30,Pop/Rock
31,Jazz
32,Pop/Rock
33,Jazz
34,Pop/Rock
35,Pop/Rock
36,R&B
37,Jazz
38,Rap
39,Pop/Rock
